"type_voie","determinant","nom","borne_debut","borne_fin","parite","quartier","code_postal","commune","date_mise_a_jour"
"ALLEE","DU","8 MAI 1945",0,9999,"SUITE","CENTRE VILLE","92150","SURESNES","01092021"
"PROMENADE","DE L'","ABBAYE",0,9999,"SUITE","CENTRE VILLE","92150","SURESNES","01092021"
"AVENUE","DE L'","ABBE SAINT-PIERRE",0,9999,"SUITE","CITE JARDINS","92150","SURESNES","01092021"
"ALLEE","DES","ACACIAS",0,9999,"SUITE","CITE JARDINS","92150","SURESNES","01092021"
"RUE","DES","ACQUEVILLES",0,9999,"SUITE","MONT-VALERIEN","92150","SURESNES","01092021"
"RUE",NULL,"ALBERT CARON",0,9999,"SUITE","MONT-VALERIEN","92150","SURESNES","01092021"
"RUE",NULL,"ALBERT CARON",0,9999,"SUITE","CITE JARDINS","92150","SURESNES","01092021"
"RUE",NULL,"ALEXANDRE DARRACQ",0,9999,"SUITE","CENTRE VILLE","92150","SURESNES","01092021"
"AVENUE",NULL,"ALEXANDRE MAISTRASSE",0,9999,"SUITE","CITE JARDINS","92150","SURESNES","01092021"
"RUE",NULL,"AMIRAL WILLAUMEZ",0,9999,"SUITE","REPUBLIQUE","92150","SURESNES","01092021"
"BOULEVARD",NULL,"ARISTIDE BRIAND",0,9999,"SUITE","CITE JARDINS","92150","SURESNES","01092021"
"RUE",NULL,"ARTHEME GENTEUR",0,9999,"SUITE","MONT-VALERIEN","92150","SURESNES","01092021"
"RUE","DU","BAC",0,9999,"SUITE","CENTRE VILLE","92150","SURESNES","01092021"
"RUE","DES","BARTOUX",0,9999,"SUITE","LIBERTE","92150","SURESNES","01092021"
"RUE","DES","BAS ROGERS",0,9999,"SUITE","ECLUSE-BELVEDERE","92150","SURESNES","01092021"
"RUE","DES","BAS ROGERS",0,9999,"SUITE","LIBERTE","92150","SURESNES","01092021"
"ALLEE",NULL,"BASSE DU VILLAGE ANGLAIS",0,9999,"SUITE","CENTRE VILLE","92150","SURESNES","01092021"
"RUE",NULL,"BAUDIN",0,9999,"SUITE","CENTRE VILLE","92150","SURESNES","01092021"
"ALLEE",NULL,"BEAU SITE",0,9999,"SUITE","MONT-VALERIEN","92150","SURESNES","01092021"
"RUE",NULL,"BEAUSEJOUR",0,9999,"SUITE","LIBERTE","92150","SURESNES","01092021"
"RUE","DU","BEL AIR",0,9999,"SUITE","MONT-VALERIEN","92150","SURESNES","01092021"
"AVENUE","DE LA","BELLE GABRIELLE",0,9999,"SUITE","CENTRE VILLE","92150","SURESNES","01092021"
"RUE","DE","BELLEVUE",0,9999,"SUITE","MONT-VALERIEN","92150","SURESNES","01092021"
"PLACE","DES","BELS EBATS",0,9999,"SUITE","LIBERTE","92150","SURESNES","01092021"
"RUE",NULL,"BENOIT MALON",0,9999,"SUITE","ECLUSE-BELVEDERE","92150","SURESNES","01092021"
"ALLEE","DES","BERGERONNETTES",0,9999,"SUITE","MONT-VALERIEN","92150","SURESNES","01092021"
"RUE",NULL,"BERTHELOT",0,9999,"SUITE","CENTRE VILLE","92150","SURESNES","01092021"
"ALLEE","DES","BOCHOUX",0,9999,"SUITE","LIBERTE","92150","SURESNES","01092021"
"RUE","DES","BOCHOUX",0,9999,"SUITE","LIBERTE","92150","SURESNES","01092021"
"RUE","DES","BONS RAISINS",0,9999,"SUITE","MONT-VALERIEN","92150","SURESNES","01092021"
"IMPASSE","DES","BOURETS",0,9999,"SUITE","CENTRE VILLE","92150","SURESNES","01092021"
"RUE","DES","BOURETS",0,9999,"SUITE","CENTRE VILLE","92150","SURESNES","01092021"
"RUE","DU","CALVAIRE",0,9999,"SUITE","CENTRE VILLE","92150","SURESNES","01092021"
"RUE","DU","CALVAIRE",0,9999,"SUITE","MONT-VALERIEN","92150","SURESNES","01092021"
"ALLEE",NULL,"CAMILLE SAINT-SAENS",0,9999,"SUITE","MONT-VALERIEN","92150","SURESNES","01092021"
"RUE","DU","CAPITAINE FERBER",0,9999,"SUITE","LIBERTE","92150","SURESNES","01092021"
"RUE",NULL,"CARNOT",0,9999,"SUITE","ECLUSE-BELVEDERE","92150","SURESNES","01092021"
"RUE",NULL,"CARNOT",0,9999,"SUITE","CENTRE VILLE","92150","SURESNES","01092021"
"RUE","DES","CARRIERES",0,9999,"SUITE","MONT-VALERIEN","92150","SURESNES","01092021"
"RUE","DE LA","CERISAIE",0,9999,"SUITE","CENTRE VILLE","92150","SURESNES","01092021"
"ALLEE",NULL,"CHARLES GOUNOD",0,9999,"SUITE","MONT-VALERIEN","92150","SURESNES","01092021"
"RUE",NULL,"CHARLES PEGUY",0,9999,"SUITE","CENTRE VILLE","92150","SURESNES","01092021"
"RUE","DU","CHEMIN VERT",0,9999,"SUITE","REPUBLIQUE","92150","SURESNES","01092021"
"RUE","DES","CHENES",0,9999,"SUITE","LIBERTE","92150","SURESNES","01092021"
"IMPASSE","DES","CHERCHEVETS",0,9999,"SUITE","LIBERTE","92150","SURESNES","01092021"
"RUE","DES","CHERCHEVETS",0,9999,"SUITE","LIBERTE","92150","SURESNES","01092021"
"RUE","DU","CHEVALIER DE LA BARRE",0,9999,"SUITE","LIBERTE","92150","SURESNES","01092021"
"RUE","DES","CHEVREMONTS",0,9999,"SUITE","LIBERTE","92150","SURESNES","01092021"
"RUE",NULL,"CHEVREUL",0,9999,"SUITE","REPUBLIQUE","92150","SURESNES","01092021"
"ALLEE","DES","CITRONNIERS",0,9999,"SUITE","MONT-VALERIEN","92150","SURESNES","01092021"
"RUE",NULL,"CLAUDE BURGOD",0,9999,"SUITE","LIBERTE","92150","SURESNES","01092021"
"RUE","DU","CLOS DES ERMITES",0,9999,"SUITE","CENTRE VILLE","92150","SURESNES","01092021"
"IMPASSE","DU","CLOS DES SEIGNEURS",0,9999,"SUITE","CENTRE VILLE","92150","SURESNES","01092021"
"RUE",NULL,"CLUSERET",0,9999,"SUITE","CENTRE VILLE","92150","SURESNES","01092021"
"RUE",NULL,"CLUSERET",0,9999,"SUITE","MONT-VALERIEN","92150","SURESNES","01092021"
"RUE","DU","COMMANDANT RIVIERE",0,9999,"SUITE","ECLUSE-BELVEDERE","92150","SURESNES","01092021"
"SQUARE","DE LA","CONCORDE",0,9999,"SUITE","CITE JARDINS","92150","SURESNES","01092021"
"AVENUE","DES","CONFERENCES DE SURESNES",0,9999,"SUITE","CENTRE VILLE","92150","SURESNES","01092021"
"RUE","DES","COTTAGES",0,9999,"SUITE","LIBERTE","92150","SURESNES","01092021"
"RUE","DES","COUVALOUX",0,9999,"SUITE","REPUBLIQUE","92150","SURESNES","01092021"
"AVENUE","DE LA","CRIOLLA",0,9999,"SUITE","MONT-VALERIEN","92150","SURESNES","01092021"
"CARREFOUR","DE LA","CROIX DU ROY",0,9999,"SUITE","CITE JARDINS","92150","SURESNES","01092021"
"RUE",NULL,"CURIE",0,9999,"SUITE","ECLUSE-BELVEDERE","92150","SURESNES","01092021"
"IMPASSE","DU","CYGNE",0,9999,"SUITE","CENTRE VILLE","92150","SURESNES","01092021"
"ALLEE","DES","CYTISES",0,9999,"SUITE","CITE JARDINS","92150","SURESNES","01092021"
"CITE",NULL,"DANTON",0,9999,"SUITE","LIBERTE","92150","SURESNES","01092021"
"RUE",NULL,"DANTON",0,9999,"SUITE","LIBERTE","92150","SURESNES","01092021"
"RUE",NULL,"DESBASSAYNS DE RICHEMONT",0,9999,"SUITE","CENTRE VILLE","92150","SURESNES","01092021"
"RUE",NULL,"DIDEROT",0,9999,"SUITE","CENTRE VILLE","92150","SURESNES","01092021"
"RUE","DU","DOCTEUR EMILE ROUX",0,9999,"SUITE","MONT-VALERIEN","92150","SURESNES","01092021"
"RUE","DU","DOCTEUR MAGNAN",0,9999,"SUITE","REPUBLIQUE","92150","SURESNES","01092021"
"RUE","DU","DOCTEUR MARC BOMBIGER",0,9999,"SUITE","CITE JARDINS","92150","SURESNES","01092021"
NULL,NULL,"DOMAINE DES HOCQUETTES",0,9999,"SUITE","MONT-VALERIEN","92150","SURESNES","01092021"
"ALLEE",NULL,"EDGAR FOURNIER",0,9999,"SUITE","CENTRE VILLE","92150","SURESNES","01092021"
"PLACE",NULL,"EDGAR FOURNIER",0,9999,"SUITE","CENTRE VILLE","92150","SURESNES","01092021"
"RUE",NULL,"EDOUARD NIEUPORT",0,9999,"SUITE","ECLUSE-BELVEDERE","92150","SURESNES","01092021"
"AVENUE",NULL,"EDOUARD VAILLANT",0,9999,"SUITE","CITE JARDINS","92150","SURESNES","01092021"
"RUE",NULL,"EMILE DUCLAUX",0,9999,"SUITE","ECLUSE-BELVEDERE","92150","SURESNES","01092021"
"RUE",NULL,"EMILE ZOLA",0,9999,"SUITE","CENTRE VILLE","92150","SURESNES","01092021"
"RUE",NULL,"EMILIEN COLIN",0,9999,"SUITE","LIBERTE","92150","SURESNES","01092021"
"AVENUE",NULL,"EMMANUEL KANT",0,9999,"SUITE","CITE JARDINS","92150","SURESNES","01092021"
NULL,NULL,"ESPLANADE JACQUES CHIRAC",0,9999,"SUITE","CENTRE VILLE","92150","SURESNES","01092021"
"AVENUE","D'","ESTOURNELLES DE CONSTANT",0,9999,"SUITE","CITE JARDINS","92150","SURESNES","01092021"
"RUE",NULL,"ETIENNE DOLET",0,9999,"SUITE","CENTRE VILLE","92150","SURESNES","01092021"
"RUE","DU","FECHERAY",0,9999,"SUITE","MONT-VALERIEN","92150","SURESNES","01092021"
"RUE",NULL,"FERNAND FOREST",0,9999,"SUITE","REPUBLIQUE","92150","SURESNES","01092021"
"RUE",NULL,"FIZEAU",0,9999,"SUITE","CENTRE VILLE","92150","SURESNES","01092021"
"RUE","DES","FLEURS",0,9999,"SUITE","MONT-VALERIEN","92150","SURESNES","01092021"
"RUE",NULL,"FLORENT DANCOURT",0,9999,"SUITE","CITE JARDINS","92150","SURESNES","01092021"
"AVENUE","DE LA","FONTAINE DU TERTRE",0,9999,"SUITE","MONT-VALERIEN","92150","SURESNES","01092021"
NULL,NULL,"FORT DU MONT VALERIEN",0,9999,"SUITE","MONT-VALERIEN","92150","SURESNES","01092021"
"AVENUE","DE","FOUILLEUSE",0,9999,"SUITE","CITE JARDINS","92150","SURESNES","01092021"
"IMPASSE","DU","FOUR",0,9999,"SUITE","CENTRE VILLE","92150","SURESNES","01092021"
"RUE",NULL,"FRANCOIS BOUGAULT",0,9999,"SUITE","CITE JARDINS","92150","SURESNES","01092021"
"AVENUE",NULL,"FRANKLIN ROOSEVELT",0,9999,"SUITE","MONT-VALERIEN","92150","SURESNES","01092021"
"AVENUE",NULL,"FRANKLIN ROOSEVELT",0,9999,"SUITE","CENTRE VILLE","92150","SURESNES","01092021"
"AVENUE",NULL,"FRANKLIN ROOSEVELT",0,9999,"SUITE","LIBERTE","92150","SURESNES","01092021"
"RUE",NULL,"FREDERIC CLAVEL",0,9999,"SUITE","REPUBLIQUE","92150","SURESNES","01092021"
"ROUTE","DES","FUSILLES DE LA RESISTANCE",0,9999,"SUITE","LIBERTE","92150","SURESNES","01092021"
"AVENUE",NULL,"GABRIEL PERI",0,9999,"SUITE","CENTRE VILLE","92150","SURESNES","01092021"
"RUE",NULL,"GABRIEL PHILIPPE",0,9999,"SUITE","LIBERTE","92150","SURESNES","01092021"
"QUAI",NULL,"GALLIENI",0,9999,"SUITE","ECLUSE-BELVEDERE","92150","SURESNES","01092021"
"QUAI",NULL,"GALLIENI",0,9999,"SUITE","CENTRE VILLE","92150","SURESNES","01092021"
"RUE",NULL,"GAMBETTA",0,9999,"SUITE","ECLUSE-BELVEDERE","92150","SURESNES","01092021"
"RUE",NULL,"GARDENAT LAPOSTOL",0,9999,"SUITE","ECLUSE-BELVEDERE","92150","SURESNES","01092021"
"RUE",NULL,"GARDENAT LAPOSTOL",0,9999,"SUITE","CENTRE VILLE","92150","SURESNES","01092021"
"PASSAGE","DE LA","GARE DE LONGCHAMP",0,9999,"SUITE","CENTRE VILLE","92150","SURESNES","01092021"
"PLACE","DE LA","GARE DE SURESNES LONGCHAMP",0,9999,"SUITE","CENTRE VILLE","92150","SURESNES","01092021"
"PAS","DE LA","GARE SURESNES LONGCHAMP",0,9999,"SUITE","CENTRE VILLE","92150","SURESNES","01092021"
"RUE",NULL,"GARIBALDI",0,9999,"SUITE","REPUBLIQUE","92150","SURESNES","01092021"
"RUE","DE LA","GAUCHERE",0,9999,"SUITE","CENTRE VILLE","92150","SURESNES","01092021"
"AVENUE","DU","GENERAL DE GAULLE",0,9999,"SUITE","CENTRE VILLE","92150","SURESNES","01092021"
"PLACE","DU","GENERAL LECLERC",0,9999,"SUITE","CENTRE VILLE","92150","SURESNES","01092021"
"RUE",NULL,"GEORGES APPAY",0,9999,"SUITE","REPUBLIQUE","92150","SURESNES","01092021"
"ALLEE",NULL,"GEORGES BIZET",0,9999,"SUITE","MONT-VALERIEN","92150","SURESNES","01092021"
"AVENUE",NULL,"GEORGES POMPIDOU",0,9999,"SUITE","ECLUSE-BELVEDERE","92150","SURESNES","01092021"
"ALLEE","DES","GROS BUISSONS",0,9999,"SUITE","CITE JARDINS","92150","SURESNES","01092021"
"RUE",NULL,"GROTIUS",0,9999,"SUITE","CITE JARDINS","92150","SURESNES","01092021"
"RUE",NULL,"GUILLAUME LENOIR",0,9999,"SUITE","MONT-VALERIEN","92150","SURESNES","01092021"
"RUE",NULL,"GUILLEMETTE FAUSSART",0,9999,"SUITE","MONT-VALERIEN","92150","SURESNES","01092021"
"RUE",NULL,"GUSTAVE FLOURENS",0,9999,"SUITE","CENTRE VILLE","92150","SURESNES","01092021"
"AVENUE",NULL,"GUSTAVE STRESEMANN",0,9999,"SUITE","CITE JARDINS","92150","SURESNES","01092021"
"PLACE","DE LA","HALLE",0,9999,"SUITE","CITE JARDINS","92150","SURESNES","01092021"
"PLACE",NULL,"HENRI IV",0,9999,"SUITE","CENTRE VILLE","92150","SURESNES","01092021"
"RUE",NULL,"HENRI REGNAULT",0,9999,"SUITE","REPUBLIQUE","92150","SURESNES","01092021"
"BOULEVARD",NULL,"HENRI SELLIER",0,9999,"SUITE","MONT-VALERIEN","92150","SURESNES","01092021"
"BOULEVARD",NULL,"HENRI SELLIER",0,9999,"SUITE","REPUBLIQUE","92150","SURESNES","01092021"
"BOULEVARD",NULL,"HENRI SELLIER",0,9999,"SUITE","CENTRE VILLE","92150","SURESNES","01092021"
"RUE","DE L'","HIPPODROME",0,9999,"SUITE","MONT-VALERIEN","92150","SURESNES","01092021"
"CHEMIN","DES","HOCQUETTES",0,9999,"SUITE","MONT-VALERIEN","92150","SURESNES","01092021"
"DOMAINE","DES","HOCQUETTES",0,9999,"SUITE","MONT-VALERIEN","92150","SURESNES","01092021"
"RUE",NULL,"HONORE D'ESTIENNE D'ORVES",0,9999,"SUITE","ECLUSE-BELVEDERE","92150","SURESNES","01092021"
"RUE",NULL,"HONORE D'ESTIENNE D'ORVES",0,9999,"SUITE","CENTRE VILLE","92150","SURESNES","01092021"
"RUE",NULL,"HUBERT CHARPENTIER",0,9999,"SUITE","LIBERTE","92150","SURESNES","01092021"
"RUE",NULL,"HUCHE",0,9999,"SUITE","LIBERTE","92150","SURESNES","01092021"
"ESPLANADE",NULL,"JACQUES CHIRAC",0,9999,"SUITE","CENTRE VILLE","92150","SURESNES","01092021"
"CITE",NULL,"JACQUES DECOUR",0,9999,"SUITE","LIBERTE","92150","SURESNES","01092021"
"RUE",NULL,"JACQUES DECOUR",0,9999,"SUITE","LIBERTE","92150","SURESNES","01092021"
"ALLEE",NULL,"JACQUES OFFENBACH",0,9999,"SUITE","MONT-VALERIEN","92150","SURESNES","01092021"
"ALLEE",NULL,"JEAN-BAPTISTE LULLY",0,9999,"SUITE","MONT-VALERIEN","92150","SURESNES","01092021"
"RUE",NULL,"JEAN-JACQUES ROUSSEAU",0,9999,"SUITE","REPUBLIQUE","92150","SURESNES","01092021"
"AVENUE",NULL,"JEAN JAURES",0,9999,"SUITE","CITE JARDINS","92150","SURESNES","01092021"
"RUE",NULL,"JEAN MACE",0,9999,"SUITE","ECLUSE-BELVEDERE","92150","SURESNES","01092021"
"ALLEE","DES","JONQUILLES",0,9999,"SUITE","LIBERTE","92150","SURESNES","01092021"
"ALLEE",NULL,"JULES FERRY",0,9999,"SUITE","CENTRE VILLE","92150","SURESNES","01092021"
"RUE",NULL,"JULES FERRY",0,9999,"SUITE","CENTRE VILLE","92150","SURESNES","01092021"
"AVENUE",NULL,"JUSTIN GODART",0,9999,"SUITE","ECLUSE-BELVEDERE","92150","SURESNES","01092021"
"RUE",NULL,"KELLOGG",0,9999,"SUITE","CITE JARDINS","92150","SURESNES","01092021"
"ALLEE","DE","L'ANCIEN PONT",0,9999,"SUITE","CENTRE VILLE","92150","SURESNES","01092021"
"ALLEE","DE","L'ECLUSE",0,9999,"SUITE","CENTRE VILLE","92150","SURESNES","01092021"
"RUE","DE","L'HIPPODROME",0,9999,"SUITE","MONT-VALERIEN","92150","SURESNES","01092021"
"RUE",NULL,"LAKANAL",0,9999,"SUITE","MONT-VALERIEN","92150","SURESNES","01092021"
"AVENUE","DES","LANDES",0,9999,"SUITE","MONT-VALERIEN","92150","SURESNES","01092021"
"RUE",NULL,"LEDRU ROLLIN",0,9999,"SUITE","ECLUSE-BELVEDERE","92150","SURESNES","01092021"
"RUE",NULL,"LEDRU ROLLIN",0,9999,"SUITE","CENTRE VILLE","92150","SURESNES","01092021"
"QUAI",NULL,"LEON BLUM",0,9999,"SUITE","REPUBLIQUE","92150","SURESNES","01092021"
"AVENUE",NULL,"LEON BOURGEOIS",0,9999,"SUITE","CITE JARDINS","92150","SURESNES","01092021"
"RUE",NULL,"LEROY",0,9999,"SUITE","MONT-VALERIEN","92150","SURESNES","01092021"
NULL,NULL,"LES BONS RAISINS",0,9999,"SUITE","MONT-VALERIEN","92150","SURESNES","01092021"
"CHEMIN","DE LA","LIBERTE",0,9999,"SUITE","LIBERTE","92150","SURESNES","01092021"
"RUE","DE LA","LIBERTE",0,9999,"SUITE","LIBERTE","92150","SURESNES","01092021"
"ALLEE","DES","LILAS",0,9999,"SUITE","MONT-VALERIEN","92150","SURESNES","01092021"
"RUE","DE","LOCARNO",0,9999,"SUITE","CITE JARDINS","92150","SURESNES","01092021"
"ALLEE","DE","LONGCHAMP",0,9999,"SUITE","REPUBLIQUE","92150","SURESNES","01092021"
"ALLEE",NULL,"LOUIS CHEVROLET",0,9999,"SUITE","ECLUSE-BELVEDERE","92150","SURESNES","01092021"
"BOULEVARD",NULL,"LOUIS LOUCHEUR",0,9999,"SUITE","MONT-VALERIEN","92150","SURESNES","01092021"
"COURS",NULL,"MADELEINE",0,9999,"SUITE","CENTRE VILLE","92150","SURESNES","01092021"
"ALLEE","DES","MARAICHERS",0,9999,"SUITE","CENTRE VILLE","92150","SURESNES","01092021"
"QUAI",NULL,"MARCEL DASSAULT",0,9999,"SUITE","REPUBLIQUE","92150","SURESNES","01092021"
"PLACE",NULL,"MARCEL LEGRAS",0,9999,"SUITE","LIBERTE","92150","SURESNES","01092021"
"RUE",NULL,"MARCEL MONGE",0,9999,"SUITE","REPUBLIQUE","92150","SURESNES","01092021"
"BOULEVARD",NULL,"MARECHAL DE LATTRE DE TASSIGNY",0,9999,"SUITE","MONT-VALERIEN","92150","SURESNES","01092021"
"AVENUE","DU","MARECHAL JUIN",0,9999,"SUITE","REPUBLIQUE","92150","SURESNES","01092021"
"PLACE",NULL,"MARGUERITE NASEAU",0,9999,"SUITE","CENTRE VILLE","92150","SURESNES","01092021"
"ALLEE","DES","MARRONNIERS",0,9999,"SUITE","CITE JARDINS","92150","SURESNES","01092021"
"RUE",NULL,"MAURICE PAYRET DORTAIL",0,9999,"SUITE","LIBERTE","92150","SURESNES","01092021"
"ALLEE",NULL,"MAURICE RAVEL",0,9999,"SUITE","MONT-VALERIEN","92150","SURESNES","01092021"
"RUE",NULL,"MERLIN DE THIONVILLE",0,9999,"SUITE","CENTRE VILLE","92150","SURESNES","01092021"
"RUE","DES","MEUNIERS",0,9999,"SUITE","REPUBLIQUE","92150","SURESNES","01092021"
"RUE",NULL,"MICHELET",0,9999,"SUITE","ECLUSE-BELVEDERE","92150","SURESNES","01092021"
"ALLEE","DES","MIMOSAS",0,9999,"SUITE","ECLUSE-BELVEDERE","92150","SURESNES","01092021"
"RUE","DU","MONT VALERIEN",0,9999,"SUITE","CENTRE VILLE","92150","SURESNES","01092021"
"RUE","DE","MONTRETOUT",0,9999,"SUITE","MONT-VALERIEN","92150","SURESNES","01092021"
"CHEMIN","DE LA","MOTTE",0,9999,"SUITE","MONT-VALERIEN","92150","SURESNES","01092021"
"ALLEE","DES","MOUETTES",0,9999,"SUITE","LIBERTE","92150","SURESNES","01092021"
"RUE","DES","MOULINEAUX",0,9999,"SUITE","REPUBLIQUE","92150","SURESNES","01092021"
"PLACE","DU","MOUTIER",0,9999,"SUITE","CENTRE VILLE","92150","SURESNES","01092021"
"ALLEE","DES","MYOSOTIS",0,9999,"SUITE","LIBERTE","92150","SURESNES","01092021"
"RUE","DES","NOUVELLES",0,9999,"SUITE","MONT-VALERIEN","92150","SURESNES","01092021"
"RUE","DES","NOUVELLES",0,9999,"SUITE","CITE JARDINS","92150","SURESNES","01092021"
"ALLEE","DES","OLIVIERS",0,9999,"SUITE","MONT-VALERIEN","92150","SURESNES","01092021"
"ALLEE","DES","ORANGERS",0,9999,"SUITE","MONT-VALERIEN","92150","SURESNES","01092021"
"RUE",NULL,"PAGES",0,9999,"SUITE","ECLUSE-BELVEDERE","92150","SURESNES","01092021"
"RUE",NULL,"PAGES",0,9999,"SUITE","CENTRE VILLE","92150","SURESNES","01092021"
"PLACE","DE LA","PAIX",0,9999,"SUITE","CITE JARDINS","92150","SURESNES","01092021"
"PAS","DU","PANORAMA",0,9999,"SUITE","MONT-VALERIEN","92150","SURESNES","01092021"
"RUE","DES","PARECHAUX",0,9999,"SUITE","LIBERTE","92150","SURESNES","01092021"
"RUE","DES","PARIGOTS",0,9999,"SUITE","LIBERTE","92150","SURESNES","01092021"
"IMPASSE","DU","PAS SAINT-MAURICE",0,9999,"SUITE","MONT-VALERIEN","92150","SURESNES","01092021"
"RUE","DU","PAS SAINT-MAURICE",0,9999,"SUITE","MONT-VALERIEN","92150","SURESNES","01092021"
"RUE","DE LA","PASSERELLE",0,9999,"SUITE","LIBERTE","92150","SURESNES","01092021"
"RUE",NULL,"PASTEUR",0,9999,"SUITE","REPUBLIQUE","92150","SURESNES","01092021"
"RUE",NULL,"PAUL BERT",0,9999,"SUITE","LIBERTE","92150","SURESNES","01092021"
"RUE","DES","PAVILLONS",0,9999,"SUITE","LIBERTE","92150","SURESNES","01092021"
"ALLEE","DE LA","PEPINIERE",0,9999,"SUITE","MONT-VALERIEN","92150","SURESNES","01092021"
"RUE",NULL,"PERRONET",0,9999,"SUITE","CENTRE VILLE","92150","SURESNES","01092021"
"IMPASSE","DES","PETITS CLOS",0,9999,"SUITE","REPUBLIQUE","92150","SURESNES","01092021"
"PASSAGE","DES","PETITS CLOS",0,9999,"SUITE","REPUBLIQUE","92150","SURESNES","01092021"
"RUE",NULL,"PIERRE DUPONT",0,9999,"SUITE","REPUBLIQUE","92150","SURESNES","01092021"
"PASSAGE",NULL,"PIERRE LOTI",0,9999,"SUITE","REPUBLIQUE","92150","SURESNES","01092021"
"ALLEE","DES","PINSONS",0,9999,"SUITE","LIBERTE","92150","SURESNES","01092021"
"ALLEE","DES","PLATANES",0,9999,"SUITE","CITE JARDINS","92150","SURESNES","01092021"
"RUE","DU","POINT HAUT",0,9999,"SUITE","MONT-VALERIEN","92150","SURESNES","01092021"
"CHEMIN","DES","PONEYS",0,9999,"SUITE","MONT-VALERIEN","92150","SURESNES","01092021"
"RUE","DU","PORT AUX VINS",0,9999,"SUITE","CENTRE VILLE","92150","SURESNES","01092021"
"RUE","DE LA","POTERIE",0,9999,"SUITE","CITE JARDINS","92150","SURESNES","01092021"
"RUE","DE LA","POTERIE",0,9999,"SUITE","MONT-VALERIEN","92150","SURESNES","01092021"
"AVENUE","DU","PRESIDENT WILSON",0,9999,"SUITE","CITE JARDINS","92150","SURESNES","01092021"
"ALLEE","DES","PRIMEVERES",0,9999,"SUITE","LIBERTE","92150","SURESNES","01092021"
"RUE","DE LA","PROCESSION",0,9999,"SUITE","MONT-VALERIEN","92150","SURESNES","01092021"
"RUE","DE LA","PROCESSION",0,9999,"SUITE","CITE JARDINS","92150","SURESNES","01092021"
"RUE","DU","PROFESSEUR LOUIS-RENE NOUGIER",0,9999,"SUITE","LIBERTE","92150","SURESNES","01092021"
"RUE","DES","PUITS",0,9999,"SUITE","CENTRE VILLE","92150","SURESNES","01092021"
"PLACE",NULL,"PUITS D'AMOUR",0,9999,"SUITE","CENTRE VILLE","92150","SURESNES","01092021"
"PLACE",NULL,"PUITS D AMOUR",0,9999,"SUITE","CENTRE VILLE","92150","SURESNES","01092021"
"RUE","DES","RAGUIDELLES",0,9999,"SUITE","MONT-VALERIEN","92150","SURESNES","01092021"
"RUE","DU","RATRAIT",0,9999,"SUITE","ECLUSE-BELVEDERE","92150","SURESNES","01092021"
"PLACE","DU","RATRAIT",0,9999,"SUITE","ECLUSE-BELVEDERE","92150","SURESNES","01092021"
"CITE",NULL,"RAYMOND COSSON",0,9999,"SUITE","MONT-VALERIEN","92150","SURESNES","01092021"
"RUE",NULL,"RAYMOND COSSON",0,9999,"SUITE","MONT-VALERIEN","92150","SURESNES","01092021"
"PLACE","DE LA","REPUBLIQUE",0,9999,"SUITE","REPUBLIQUE","92150","SURESNES","01092021"
"RUE","DE LA","REPUBLIQUE",0,9999,"SUITE","REPUBLIQUE","92150","SURESNES","01092021"
NULL,NULL,"RESIDENCE ALBERT CARON",0,9999,"SUITE","MONT-VALERIEN","92150","SURESNES","01092021"
NULL,NULL,"RESIDENCE ALBERT CARON",0,9999,"SUITE","CITE JARDINS","92150","SURESNES","01092021"
"ALLEE","DES","RIVES DE BAGATELLE",0,9999,"SUITE","CENTRE VILLE","92150","SURESNES","01092021"
"RUE",NULL,"ROBERT JOYEUX",0,9999,"SUITE","CITE JARDINS","92150","SURESNES","01092021"
"RUE",NULL,"ROGER SALENGRO",0,9999,"SUITE","LIBERTE","92150","SURESNES","01092021"
"RUE","DES BAS","ROGERS",0,9999,"SUITE","ECLUSE-BELVEDERE","92150","SURESNES","01092021"
"RUE","DES BAS","ROGERS",0,9999,"SUITE","LIBERTE","92150","SURESNES","01092021"
"CHEMIN","DES","ROSES",0,9999,"SUITE","MONT-VALERIEN","92150","SURESNES","01092021"
"ALLEE","DES","ROSES",0,9999,"SUITE","LIBERTE","92150","SURESNES","01092021"
"CITE",NULL,"ROUGET DE LISLE",0,9999,"SUITE","ECLUSE-BELVEDERE","92150","SURESNES","01092021"
"RUE",NULL,"ROUGET DE LISLE",0,9999,"SUITE","ECLUSE-BELVEDERE","92150","SURESNES","01092021"
"RUE","DE","SAINT-CLOUD",0,9999,"SUITE","REPUBLIQUE","92150","SURESNES","01092021"
"PROMENADE",NULL,"SAINT-LEUFROY",0,9999,"SUITE","CENTRE VILLE","92150","SURESNES","01092021"
"RUE",NULL,"SALOMON DE ROTHSCHILD",0,9999,"SUITE","ECLUSE-BELVEDERE","92150","SURESNES","01092021"
"ALLEE",NULL,"SANTOS DUMONT",0,9999,"SUITE","ECLUSE-BELVEDERE","92150","SURESNES","01092021"
"ALLEE",NULL,"SCHEURER KESTNER",0,9999,"SUITE","CENTRE VILLE","92150","SURESNES","01092021"
"RUE","DE","SEVRES",0,9999,"SUITE","REPUBLIQUE","92150","SURESNES","01092021"
"AVENUE",NULL,"SISLEY",0,9999,"SUITE","ECLUSE-BELVEDERE","92150","SURESNES","01092021"
"IMPASSE","DES","SOMMELIERS DE LA GROUE",0,9999,"SUITE","MONT-VALERIEN","92150","SURESNES","01092021"
"SENTE","DES","SORBIERS",0,9999,"SUITE","CITE JARDINS","92150","SURESNES","01092021"
"ALLEE","DES","SOURCES",0,9999,"SUITE","CENTRE VILLE","92150","SURESNES","01092021"
"PLACE","DE","STALINGRAD",0,9999,"SUITE","CITE JARDINS","92150","SURESNES","01092021"
"VILLA","DE LA","STATION",0,9999,"SUITE","MONT-VALERIEN","92150","SURESNES","01092021"
"AVENUE","DE","SULLY",0,9999,"SUITE","CITE JARDINS","92150","SURESNES","01092021"
"CHEMIN","DU","SYNDICAT DES CULTIVATEURS",0,9999,"SUITE","CITE JARDINS","92150","SURESNES","01092021"
"CHEMIN","DU","SYNDICAT DES CULTIVATEURS",0,9999,"SUITE","MONT-VALERIEN","92150","SURESNES","01092021"
"RUE","DE LA","TERRASSE",0,9999,"SUITE","MONT-VALERIEN","92150","SURESNES","01092021"
"RUE","DES","TERRES BLANCHES",0,9999,"SUITE","MONT-VALERIEN","92150","SURESNES","01092021"
"RUE","DU","TERTRE",0,9999,"SUITE","MONT-VALERIEN","92150","SURESNES","01092021"
"ALLEE","DES","TILLEULS",0,9999,"SUITE","CITE JARDINS","92150","SURESNES","01092021"
"RUE","DES","TOURNEROCHES",0,9999,"SUITE","MONT-VALERIEN","92150","SURESNES","01092021"
"SQUARE","DES","TOURTERELLES",0,9999,"SUITE","LIBERTE","92150","SURESNES","01092021"
"CITE","DE LA","TUILERIE",0,9999,"SUITE","MONT-VALERIEN","92150","SURESNES","01092021"
"RUE","DE LA","TUILERIE",0,9999,"SUITE","MONT-VALERIEN","92150","SURESNES","01092021"
"PASSAGE","DU","VAL D'OR",0,9999,"SUITE","REPUBLIQUE","92150","SURESNES","01092021"
"RUE","DU","VAL D'OR",0,9999,"SUITE","REPUBLIQUE","92150","SURESNES","01092021"
"RUE","DU","VAL D'OR",0,9999,"SUITE","MONT-VALERIEN","92150","SURESNES","01092021"
"RUE","DES","VELETTES",0,9999,"SUITE","ECLUSE-BELVEDERE","92150","SURESNES","01092021"
"ALLEE","DE LA","VENELLE",0,9999,"SUITE","CENTRE VILLE","92150","SURESNES","01092021"
"RUE","DE","VERDUN",0,9999,"SUITE","CENTRE VILLE","92150","SURESNES","01092021"
"RUE","DE","VERDUN",0,9999,"SUITE","ECLUSE-BELVEDERE","92150","SURESNES","01092021"
"RUE",NULL,"VICTOR DIEDERICH",0,9999,"SUITE","MONT-VALERIEN","92150","SURESNES","01092021"
"RUE",NULL,"VICTOR HUGO",0,9999,"SUITE","LIBERTE","92150","SURESNES","01092021"
"IMPASSE","DES","VIGNERONS",0,9999,"SUITE","MONT-VALERIEN","92150","SURESNES","01092021"
"RUE","DES","VIGNES",0,9999,"SUITE","MONT-VALERIEN","92150","SURESNES","01092021"
"ALLEE","DES","VIOLETTES",0,9999,"SUITE","LIBERTE","92150","SURESNES","01092021"
"RUE",NULL,"VOLTAIRE",0,9999,"SUITE","LIBERTE","92150","SURESNES","01092021"
"BOULEVARD",NULL,"WASHINGTON",0,9999,"SUITE","MONT-VALERIEN","92150","SURESNES","01092021"
"ALLEE",NULL,"WILLIAM PENN",0,9999,"SUITE","CITE JARDINS","92150","SURESNES","01092021"
"RUE",NULL,"WORTH",0,9999,"SUITE","CENTRE VILLE","92150","SURESNES","01092021"
